REV_plate,column,row,rev
REV-1,1,A,1
REV-1,2,A,2
REV-1,3,A,3
REV-1,4,A,4
REV-1,5,A,5
REV-1,6,A,6
REV-1,7,A,7
REV-1,8,A,8
REV-1,9,A,9
REV-1,10,A,10
REV-1,11,A,11
REV-1,12,A,12
REV-1,1,B,13
REV-1,2,B,14
REV-1,3,B,15
REV-1,4,B,16
REV-1,5,B,17
REV-1,6,B,18
REV-1,7,B,19
REV-1,8,B,20
REV-1,9,B,21
REV-1,10,B,22
REV-1,11,B,23
REV-1,12,B,24
REV-1,1,C,25
REV-1,2,C,26
REV-1,3,C,27
REV-1,4,C,28
REV-1,5,C,29
REV-1,6,C,30
REV-1,7,C,31
REV-1,8,C,32
REV-1,9,C,33
REV-1,10,C,34
REV-1,11,C,35
REV-1,12,C,36
REV-1,1,D,37
REV-1,2,D,38
REV-1,3,D,39
REV-1,4,D,40
REV-1,5,D,41
REV-1,6,D,42
REV-1,7,D,43
REV-1,8,D,44
REV-1,9,D,45
REV-1,10,D,46
REV-1,11,D,47
REV-1,12,D,48
REV-1,1,E,49
REV-1,2,E,50
REV-1,3,E,51
REV-1,4,E,52
REV-1,5,E,53
REV-1,6,E,54
REV-1,7,E,55
REV-1,8,E,56
REV-1,9,E,57
REV-1,10,E,58
REV-1,11,E,59
REV-1,12,E,60
REV-1,1,F,61
REV-1,2,F,62
REV-1,3,F,63
REV-1,4,F,64
REV-1,5,F,65
REV-1,6,F,66
REV-1,7,F,67
REV-1,8,F,68
REV-1,9,F,69
REV-1,10,F,70
REV-1,11,F,71
REV-1,12,F,72
REV-1,1,G,73
REV-1,2,G,74
REV-1,3,G,75
REV-1,4,G,76
REV-1,5,G,77
REV-1,6,G,78
REV-1,7,G,79
REV-1,8,G,80
REV-1,9,G,81
REV-1,10,G,82
REV-1,11,G,83
REV-1,12,G,84
REV-1,1,H,85
REV-1,2,H,86
REV-1,3,H,87
REV-1,4,H,88
REV-1,5,H,89
REV-1,6,H,90
REV-1,7,H,91
REV-1,8,H,92
REV-1,9,H,93
REV-1,10,H,94
REV-1,11,H,95
REV-1,12,H,96
REV-2,1,A,97
REV-2,2,A,98
REV-2,3,A,99
REV-2,4,A,100
REV-2,5,A,101
REV-2,6,A,102
REV-2,7,A,103
REV-2,8,A,104
REV-2,9,A,105
REV-2,10,A,106
REV-2,11,A,107
REV-2,12,A,108
REV-2,1,B,109
REV-2,2,B,110
REV-2,3,B,111
REV-2,4,B,112
REV-2,5,B,113
REV-2,6,B,114
REV-2,7,B,115
REV-2,8,B,116
REV-2,9,B,117
REV-2,10,B,118
REV-2,11,B,119
REV-2,12,B,120
REV-2,1,C,121
REV-2,2,C,122
REV-2,3,C,123
REV-2,4,C,124
REV-2,5,C,125
REV-2,6,C,126
REV-2,7,C,127
REV-2,8,C,128
REV-2,9,C,129
REV-2,10,C,130
REV-2,11,C,131
REV-2,12,C,132
REV-2,1,D,133
REV-2,2,D,134
REV-2,3,D,135
REV-2,4,D,136
REV-2,5,D,137
REV-2,6,D,138
REV-2,7,D,139
REV-2,8,D,140
REV-2,9,D,141
REV-2,10,D,142
REV-2,11,D,143
REV-2,12,D,144
REV-2,1,E,145
REV-2,2,E,146
REV-2,3,E,147
REV-2,4,E,148
REV-2,5,E,149
REV-2,6,E,150
REV-2,7,E,151
REV-2,8,E,152
REV-2,9,E,153
REV-2,10,E,154
REV-2,11,E,155
REV-2,12,E,156
REV-2,1,F,157
REV-2,2,F,158
REV-2,3,F,159
REV-2,4,F,160
REV-2,5,F,161
REV-2,6,F,162
REV-2,7,F,163
REV-2,8,F,164
REV-2,9,F,165
REV-2,10,F,166
REV-2,11,F,167
REV-2,12,F,168
REV-2,1,G,169
REV-2,2,G,170
REV-2,3,G,171
REV-2,4,G,172
REV-2,5,G,173
REV-2,6,G,174
REV-2,7,G,175
REV-2,8,G,176
REV-2,9,G,177
REV-2,10,G,178
REV-2,11,G,179
REV-2,12,G,180
REV-2,1,H,181
REV-2,2,H,182
REV-2,3,H,183
REV-2,4,H,184
REV-2,5,H,185
REV-2,6,H,186
REV-2,7,H,187
REV-2,8,H,188
REV-2,9,H,189
REV-2,10,H,190
REV-2,11,H,191
REV-2,12,H,192
REV-3,1,A,193
REV-3,2,A,194
REV-3,3,A,195
REV-3,4,A,196
REV-3,5,A,197
REV-3,6,A,198
REV-3,7,A,199
REV-3,8,A,200
REV-3,9,A,201
REV-3,10,A,202
REV-3,11,A,203
REV-3,12,A,204
REV-3,1,B,205
REV-3,2,B,206
REV-3,3,B,207
REV-3,4,B,208
REV-3,5,B,209
REV-3,6,B,210
REV-3,7,B,211
REV-3,8,B,212
REV-3,9,B,213
REV-3,10,B,214
REV-3,11,B,215
REV-3,12,B,216
REV-3,1,C,217
REV-3,2,C,218
REV-3,3,C,219
REV-3,4,C,220
REV-3,5,C,221
REV-3,6,C,222
REV-3,7,C,223
REV-3,8,C,224
REV-3,9,C,225
REV-3,10,C,226
REV-3,11,C,227
REV-3,12,C,228
REV-3,1,D,229
REV-3,2,D,230
REV-3,3,D,231
REV-3,4,D,232
REV-3,5,D,233
REV-3,6,D,234
REV-3,7,D,235
REV-3,8,D,236
REV-3,9,D,237
REV-3,10,D,238
REV-3,11,D,239
REV-3,12,D,240
REV-3,1,E,241
REV-3,2,E,242
REV-3,3,E,243
REV-3,4,E,244
REV-3,5,E,245
REV-3,6,E,246
REV-3,7,E,247
REV-3,8,E,248
REV-3,9,E,249
REV-3,10,E,250
REV-3,11,E,251
REV-3,12,E,252
REV-3,1,F,253
REV-3,2,F,254
REV-3,3,F,255
REV-3,4,F,256
REV-3,5,F,257
REV-3,6,F,258
REV-3,7,F,259
REV-3,8,F,260
REV-3,9,F,261
REV-3,10,F,262
REV-3,11,F,263
REV-3,12,F,264
REV-3,1,G,265
REV-3,2,G,266
REV-3,3,G,267
REV-3,4,G,268
REV-3,5,G,269
REV-3,6,G,270
REV-3,7,G,271
REV-3,8,G,272
REV-3,9,G,273
REV-3,10,G,274
REV-3,11,G,275
REV-3,12,G,276
REV-3,1,H,277
REV-3,2,H,278
REV-3,3,H,279
REV-3,4,H,280
REV-3,5,H,281
REV-3,6,H,282
REV-3,7,H,283
REV-3,8,H,284
REV-3,9,H,285
REV-3,10,H,286
REV-3,11,H,287
REV-3,12,H,288
REV-4,1,A,289
REV-4,2,A,290
REV-4,3,A,291
REV-4,4,A,292
REV-4,5,A,293
REV-4,6,A,294
REV-4,7,A,295
REV-4,8,A,296
REV-4,9,A,297
REV-4,10,A,298
REV-4,11,A,299
REV-4,12,A,300
REV-4,1,B,301
REV-4,2,B,302
REV-4,3,B,303
REV-4,4,B,304
REV-4,5,B,305
REV-4,6,B,306
REV-4,7,B,307
REV-4,8,B,308
REV-4,9,B,309
REV-4,10,B,310
REV-4,11,B,311
REV-4,12,B,312
REV-4,1,C,313
REV-4,2,C,314
REV-4,3,C,315
REV-4,4,C,316
REV-4,5,C,317
REV-4,6,C,318
REV-4,7,C,319
REV-4,8,C,320
REV-4,9,C,321
REV-4,10,C,322
REV-4,11,C,323
REV-4,12,C,324
REV-4,1,D,325
REV-4,2,D,326
REV-4,3,D,327
REV-4,4,D,328
REV-4,5,D,329
REV-4,6,D,330
REV-4,7,D,331
REV-4,8,D,332
REV-4,9,D,333
REV-4,10,D,334
REV-4,11,D,335
REV-4,12,D,336
REV-4,1,E,337
REV-4,2,E,338
REV-4,3,E,339
REV-4,4,E,340
REV-4,5,E,341
REV-4,6,E,342
REV-4,7,E,343
REV-4,8,E,344
REV-4,9,E,345
REV-4,10,E,346
REV-4,11,E,347
REV-4,12,E,348
REV-4,1,F,349
REV-4,2,F,350
REV-4,3,F,351
REV-4,4,F,352
REV-4,5,F,353
REV-4,6,F,354
REV-4,7,F,355
REV-4,8,F,356
REV-4,9,F,357
REV-4,10,F,358
REV-4,11,F,359
REV-4,12,F,360
REV-4,1,G,361
REV-4,2,G,362
REV-4,3,G,363
REV-4,4,G,364
REV-4,5,G,365
REV-4,6,G,366
REV-4,7,G,367
REV-4,8,G,368
REV-4,9,G,369
REV-4,10,G,370
REV-4,11,G,371
REV-4,12,G,372
REV-4,1,H,373
REV-4,2,H,374
REV-4,3,H,375
REV-4,4,H,376
REV-4,5,H,377
REV-4,6,H,378
REV-4,7,H,379
REV-4,8,H,380
REV-4,9,H,381
REV-4,10,H,382
REV-4,11,H,383
REV-4,12,H,384
